wavelength,fix
200.049,0.21113887
200.265,0.211887512
200.481,0.212637502
200.697,0.213388844
200.913,0.214141544
201.129,0.214895607
201.345,0.215651038
201.56,0.216404334
201.776,0.217162509
201.992,0.217922066
202.208,0.21868301
202.424,0.219445346
202.639,0.220205539
202.855,0.220970666
203.071,0.221737197
203.287,0.222505138
203.502,0.223270927
203.718,0.224041693
203.934,0.224813881
204.15,0.225587495
204.365,0.226358948
204.581,0.22713542
204.797,0.227913329
205.012,0.228689069
205.228,0.229469858
205.444,0.230252097
205.659,0.231032157
205.875,0.231817298
206.091,0.232603898
206.306,0.233388309
206.522,0.234177832
206.737,0.234965159
206.953,0.235757617
207.168,0.236547872
207.384,0.237343277
207.6,0.238140165
207.815,0.238934838
208.031,0.239734691
208.246,0.24053232
208.462,0.24133515
208.677,0.242135748
208.893,0.242941564
209.108,0.24374514
209.323,0.244550205
209.539,0.245360518
209.754,0.246168576
209.97,0.246981899
210.185,0.247792959
210.401,0.248609302
210.616,0.249423372
210.831,0.250238946
211.047,0.251059831
211.262,0.251878427
211.477,0.252698533
211.693,0.253523977
211.908,0.254347115
212.123,0.25517177
212.339,0.256001786
212.554,0.256829482
212.769,0.257658698
212.985,0.258493302
213.2,0.259325568
213.415,0.260159358
213.63,0.260994672
213.846,0.261835408
214.061,0.262673782
214.276,0.263513684
214.491,0.264355115
214.706,0.265198076
214.922,0.266046498
215.137,0.266892528
215.352,0.26774009
215.567,0.268589184
215.782,0.269439812
215.997,0.270291974
216.212,0.271145669
216.428,0.272004881
216.643,0.272861654
216.858,0.273719962
217.073,0.274579805
217.288,0.275441185
217.503,0.2763041
217.718,0.277168551
217.933,0.278034539
218.148,0.278902062
218.363,0.279771121
218.578,0.280641715
218.793,0.281513845
219.008,0.282387511
219.223,0.283262711
219.438,0.284139446
219.653,0.285017714
219.868,0.285897516
220.083,0.286778852
220.298,0.287661719
220.512,0.288542002
220.727,0.289427925
220.942,0.290315379
221.157,0.291204362
221.372,0.292094873
221.587,0.292986912
221.802,0.293880478
222.016,0.294771403
222.231,0.295668012
222.446,0.296566145
222.661,0.297465799
222.876,0.298366975
223.09,0.299265468
223.305,0.300169675
223.52,0.301075398
223.735,0.301982637
223.949,0.30288716
224.164,0.303797418
224.379,0.304709187
224.594,0.305622466
224.808,0.306532993
225.023,0.307449277
225.238,0.308367066
225.452,0.309282077
225.667,0.31020286
225.882,0.311125141
226.096,0.312044619
226.311,0.312969883
226.525,0.313892326
226.74,0.314820565
226.955,0.315750292
227.169,0.31667717
227.384,0.317609858
227.598,0.318539678
227.813,0.319475319
228.027,0.320408073
228.242,0.321346655
228.456,0.322282333
228.671,0.323223847
228.885,0.324162438
229.1,0.325106874
229.314,0.326048367
229.529,0.326995713
229.743,0.327940098
229.958,0.328890343
230.172,0.329837608
230.386,0.330786305
230.601,0.331740874
230.815,0.332692433
231.03,0.333649871
231.244,0.33460428
231.458,0.335560105
231.673,0.336521821
231.887,0.337480477
232.101,0.33844054
232.316,0.339406503
232.53,0.340369377
232.744,0.341333647
232.958,0.342299311
233.173,0.343270887
233.387,0.344239334
233.601,0.345209163
233.815,0.346180372
234.03,0.347157503
234.244,0.348131465
234.458,0.349106795
234.672,0.350083489
234.886,0.351061543
235.101,0.352045533
235.315,0.353026301
235.529,0.354008418
235.743,0.35499188
235.957,0.355976682
236.171,0.356962819
236.385,0.357950289
236.599,0.358939086
236.814,0.359933837
237.028,0.360925284
237.242,0.361918045
237.456,0.362912117
237.67,0.363907496
237.884,0.364904176
238.098,0.365902153
238.312,0.366901423
238.526,0.367901982
238.74,0.368903824
238.954,0.369906945
239.168,0.37091134
239.382,0.371917005
239.596,0.372923935
239.81,0.373932126
240.024,0.374941571
240.237,0.375947542
240.451,0.376959478
240.665,0.377972654
240.879,0.378987067
241.093,0.38000271
241.307,0.381019579
241.521,0.382037668
241.734,0.383052207
241.948,0.384072717
242.162,0.385094432
242.376,0.386117347
242.59,0.387141456
242.803,0.388161961
243.017,0.389188439
243.231,0.390216095
243.445,0.391244925
243.658,0.392270107
243.872,0.393301262
244.086,0.394333574
244.3,0.395367038
244.513,0.39639681
244.727,0.397432554
244.941,0.398469433
245.154,0.399502588
245.368,0.400541715
245.582,0.401581959
245.795,0.402618446
246.009,0.403660903
246.222,0.404699581
246.436,0.405744227
246.65,0.406789962
246.863,0.407831886
247.077,0.408879775
247.29,0.409923831
247.504,0.410973851
247.717,0.412020015
247.931,0.413072141
248.144,0.41412039
248.358,0.415174598
248.571,0.416224907
248.785,0.417281173
248.998,0.418333517
249.212,0.419391816
249.425,0.420446171
249.639,0.421506476
249.852,0.422562817
250.065,0.423620139
250.279,0.424683406
250.492,0.425742676
250.706,0.426807887
250.919,0.427869078
251.132,0.428931219
251.346,0.429999295
251.559,0.431063319
251.772,0.432128272
251.986,0.433199154
252.199,0.434265951
252.412,0.435333658
252.625,0.436402268
252.839,0.437476798
253.052,0.438547199
253.265,0.439618483
253.478,0.440690643
253.692,0.441768713
253.905,0.44284261
254.118,0.443917363
254.331,0.444992965
254.544,0.44606941
254.758,0.44715175
254.971,0.448229862
255.184,0.449308797
255.397,0.450388546
255.61,0.451469102
255.823,0.45255046
256.036,0.453632611
256.249,0.454715549
256.462,0.455799266
256.676,0.456888849
256.889,0.457974108
257.102,0.459060125
257.315,0.460146893
257.528,0.461234405
257.741,0.462322653
257.954,0.463411631
258.167,0.464501331
258.38,0.465591746
258.593,0.466682869
258.806,0.467774692
259.019,0.468867208
259.231,0.469955275
259.444,0.471049152
259.657,0.472143699
259.87,0.47323891
260.083,0.474334777
260.296,0.475431292
260.509,0.476528449
260.722,0.477626239
260.935,0.478724655
261.147,0.479818528
261.36,0.480918171
261.573,0.482018417
261.786,0.48311926
261.999,0.48422069
262.211,0.485317526
262.424,0.486420107
262.637,0.487523254
262.85,0.488626958
263.062,0.489726027
263.275,0.490830821
263.488,0.49193615
263.7,0.493036812
263.913,0.494143184
264.126,0.495250067
264.338,0.496352254
264.551,0.497460134
264.764,0.498568502
264.976,0.499672143
265.189,0.500781461
265.402,0.501891244
265.614,0.502996269
265.827,0.504106954
266.039,0.505212863
266.252,0.506324419
266.465,0.5074364
266.677,0.508543575
266.89,0.50965638
267.102,0.510764359
267.315,0.511877956
267.527,0.512986707
267.74,0.514101063
267.952,0.515210555
268.165,0.51632564
268.377,0.517435839
268.589,0.518546381
268.802,0.519662496
269.014,0.520773698
269.227,0.521890461
269.439,0.523002291
269.651,0.524114422
269.864,0.525232094
270.076,0.526344805
270.289,0.527463043
270.501,0.528576302
270.713,0.529689821
270.926,0.530808847
271.138,0.531922864
271.35,0.533037118
271.562,0.534151601
271.775,0.535271562
271.987,0.536386477
272.199,0.537501597
272.411,0.538616912
272.624,0.539737676
272.836,0.540853359
273.048,0.541969213
273.26,0.543085229
273.472,0.5442014
273.685,0.545322984
273.897,0.54643944
274.109,0.547556027
274.321,0.548672734
274.533,0.549789556
274.745,0.550906482
274.957,0.552023505
275.17,0.553145886
275.382,0.554263079
275.594,0.555380343
275.806,0.556497671
276.018,0.557615054
276.23,0.558732485
276.442,0.559849954
276.654,0.560967453
276.866,0.562084974
277.078,0.563202509
277.29,0.56432005
277.502,0.565437587
277.714,0.566555114
277.926,0.56767262
278.138,0.568790099
278.35,0.569907541
278.562,0.571024938
278.773,0.572137012
278.985,0.573254295
279.197,0.574371508
279.409,0.575488643
279.621,0.576605691
279.833,0.577722644
280.045,0.578839494
280.256,0.579950964
280.468,0.581067583
280.68,0.582184072
280.892,0.583300425
281.104,0.584416632
281.315,0.585527422
281.527,0.586643314
281.739,0.587759035
281.951,0.588874578
282.162,0.589984672
282.374,0.591099832
282.586,0.592214788
282.797,0.593324274
283.009,0.594438797
283.221,0.595553091
283.432,0.596661892
283.644,0.597775703
283.856,0.59888926
284.067,0.599997302
284.279,0.601110325
284.49,0.60221782
284.702,0.603330276
284.914,0.604442436
285.125,0.605549046
285.337,0.606660588
285.548,0.607766568
285.76,0.60887746
285.971,0.609982775
286.183,0.611092983
286.394,0.612197601
286.606,0.613307091
286.817,0.614410978
287.029,0.615519717
287.24,0.61662284
287.452,0.617730794
287.663,0.61883312
287.874,0.619935035
288.086,0.621041751
288.297,0.622142819
288.509,0.623248668
288.72,0.624348855
288.931,0.625448591
289.143,0.626553076
289.354,0.627651882
289.565,0.628750212
289.777,0.629853259
289.988,0.630950609
290.199,0.632047457
290.411,0.633148991
290.622,0.634244811
290.833,0.635340104
291.044,0.636434864
291.256,0.637534266
291.467,0.63862793
291.678,0.639721036
291.889,0.640813575
292.1,0.641905539
292.312,0.643002091
292.523,0.644092878
292.734,0.645183065
292.945,0.646272644
293.156,0.647361608
293.367,0.648449948
293.578,0.649537655
293.789,0.650624723
294.001,0.651716289
294.212,0.652802049
294.423,0.653887144
294.634,0.654971566
294.845,0.656055308
295.056,0.657138361
295.267,0.658220717
295.478,0.659302368
295.689,0.660383306
295.9,0.661463523
296.111,0.662543011
296.322,0.663621762
296.533,0.664699768
296.744,0.665777021
296.954,0.666848412
297.165,0.667924138
297.376,0.668999088
297.587,0.670073252
297.798,0.671146623
298.009,0.672219194
298.22,0.673290955
298.431,0.6743619
298.641,0.675426951
298.852,0.676496242
299.063,0.677564694
299.274,0.678632297
299.485,0.679699044
299.695,0.680759877
299.906,0.681824892
300.117,0.682889028
300.328,0.683952276
300.538,0.685009596
300.749,0.686071051
300.96,0.687131594
301.171,0.688191219
301.381,0.689244902
301.592,0.690302671
301.803,0.691359498
302.013,0.692410374
302.224,0.693465299
302.434,0.694514266
302.645,0.695567258
302.856,0.69661927
303.066,0.697665316
303.277,0.698715349
303.487,0.69975941
303.698,0.700807435
303.908,0.701849482
304.119,0.702895467
304.33,0.703940419
304.54,0.704979386
304.751,0.706022253
304.961,0.70705913
305.171,0.708094954
305.382,0.709134642
305.592,0.710168331
305.803,0.71120586
306.013,0.712237387
306.224,0.713272727
306.434,0.71430206
306.644,0.715330289
306.855,0.716362293
307.065,0.717388285
307.276,0.718418028
307.486,0.719441753
307.696,0.720464338
307.907,0.721490635
308.117,0.72251091
308.327,0.723530023
308.537,0.724547965
308.748,0.72556957
308.958,0.726585146
309.168,0.72759953
309.379,0.728617538
309.589,0.729629513
309.799,0.730640276
310.009,0.731649819
310.219,0.732658136
310.43,0.733670011
310.64,0.734675848
310.85,0.735680437
311.06,0.736683772
311.27,0.737685845
311.48,0.73868665
311.69,0.73968618
311.901,0.740689179
312.111,0.741686132
312.321,0.742681789
312.531,0.743676144
312.741,0.744669189
312.951,0.745660919
313.161,0.746651325
313.371,0.747640402
313.581,0.748628143
313.791,0.74961454
314.001,0.750599588
314.211,0.75158328
314.421,0.752565609
314.631,0.753546568
314.841,0.754526151
315.051,0.755504351
315.261,0.756481162
315.47,0.757451936
315.68,0.758425955
315.89,0.759398566
316.1,0.760369761
316.31,0.761339535
316.52,0.76230788
316.73,0.763274791
316.939,0.764235667
317.149,0.765199697
317.359,0.766162273
317.569,0.767123388
317.779,0.768083038
317.988,0.769036656
318.198,0.769993361
318.408,0.770948581
318.618,0.77190231
318.827,0.77285001
319.037,0.773800745
319.247,0.77474997
319.456,0.77569317
319.666,0.776639365
319.876,0.777584031
320.085,0.778522676
320.295,0.779464276
320.505,0.780404329
320.714,0.781338365
320.924,0.782275315
321.133,0.783206251
321.343,0.784140075
321.553,0.785072323
321.762,0.785998561
321.972,0.786927647
322.181,0.787850727
322.391,0.788776628
322.6,0.789696527
322.81,0.79061922
323.019,0.791535915
323.229,0.792455377
323.438,0.793368844
323.648,0.794285053
323.857,0.795195271
324.066,0.79610386
324.276,0.79701515
324.485,0.797920457
324.695,0.798828437
324.904,0.799730439
325.113,0.800630784
325.323,0.801533763
325.532,0.802430771
325.741,0.803326107
325.951,0.804224036
326.16,0.805116002
326.369,0.806006279
326.579,0.80689911
326.788,0.807785986
326.997,0.808671157
327.206,0.809554619
327.416,0.810440582
327.625,0.811320601
327.834,0.812198895
328.043,0.81307546
328.252,0.813950289
328.462,0.814827551
328.671,0.815698887
328.88,0.816568472
329.089,0.817436302
329.298,0.818302373
329.507,0.819166678
329.716,0.820029213
329.926,0.820894088
330.135,0.821753061
330.344,0.822610249
330.553,0.823465648
330.762,0.824319253
330.971,0.82517106
331.18,0.826021063
331.389,0.826869259
331.598,0.827715641
331.807,0.828560207
332.016,0.82940295
332.225,0.830243867
332.434,0.831082953
332.643,0.831920204
332.852,0.832755614
333.06,0.833585196
333.269,0.834416922
333.478,0.835246794
333.687,0.836074809
333.896,0.836900962
334.105,0.837725248
334.314,0.838547663
334.523,0.839368204
334.731,0.840182952
334.94,0.840999739
335.149,0.841814638
335.358,0.842627645
335.567,0.843438756
335.775,0.8442441
335.984,0.845051415
336.193,0.845856823
336.402,0.846660318
336.61,0.847458065
336.819,0.848257733
337.028,0.849055476
337.236,0.849847488
337.445,0.85064138
337.654,0.851433335
337.862,0.852219576
338.071,0.853007657
338.279,0.853790035
338.488,0.854574227
338.697,0.855356464
338.905,0.856133013
339.114,0.856911339
339.322,0.857683988
339.531,0.858458387
339.739,0.859227121
339.948,0.859997579
340.157,0.860766057
340.365,0.861528888
340.574,0.862293403
340.782,0.863052284
340.99,0.86380919
341.199,0.864567741
341.407,0.865320677
341.616,0.866075232
341.824,0.866824184
342.033,0.86757473
342.241,0.868319685
342.449,0.869062641
342.658,0.869807154
342.866,0.870546094
343.074,0.871283027
343.283,0.872021477
343.491,0.872754375
343.699,0.873485255
343.908,0.874217615
344.116,0.874944443
344.324,0.875669244
344.532,0.876392016
344.741,0.877116217
344.949,0.877834913
345.157,0.878551571
345.365,0.879266188
345.574,0.879982183
345.782,0.880692702
345.99,0.881401171
346.198,0.882107588
346.406,0.882811952
346.614,0.883514258
346.823,0.884217867
347.031,0.884916041
347.239,0.885612151
347.447,0.886306194
347.655,0.886998166
347.863,0.887688066
348.071,0.888375892
348.279,0.88906164
348.487,0.889745308
348.695,0.890426895
348.903,0.891106396
349.111,0.891783811
349.319,0.892459137
349.527,0.893132372
349.735,0.893803513
349.943,0.894472558
350.151,0.895139505
350.359,0.895804352
350.567,0.896467096
350.775,0.897127736
350.983,0.897786269
351.19,0.898439543
351.398,0.899093867
351.606,0.899746078
351.814,0.900396175
352.022,0.901044155
352.23,0.901690017
352.437,0.902330668
352.645,0.902972298
352.853,0.903611803
353.061,0.904249182
353.269,0.904884433
353.476,0.905514516
353.684,0.906145517
353.892,0.906774385
354.099,0.90739811
354.307,0.908022718
354.515,0.908645187
354.722,0.90926254
354.93,0.909880739
355.138,0.910496796
355.345,0.911107762
355.553,0.91171954
355.761,0.91232917
355.968,0.912933736
356.176,0.913539079
356.383,0.914139375
356.591,0.914740424
356.799,0.915339318
357.006,0.915933194
357.214,0.916527788
357.421,0.91711738
357.629,0.917707667
357.836,0.918292972
358.044,0.918878948
358.251,0.919459959
358.458,0.920038828
358.666,0.920618334
358.873,0.921192904
359.081,0.921768088
359.288,0.922338355
359.496,0.922909213
359.703,0.923475172
359.91,0.924038981
360.118,0.924603348
360.325,0.925162845
360.532,0.92572019
360.74,0.926278058
360.947,0.926831085
361.154,0.927381957
361.362,0.927933319
361.569,0.928479869
361.776,0.929024262
361.983,0.929566497
362.191,0.930109179
362.398,0.930647087
362.605,0.931182836
362.812,0.931716425
363.019,0.932247853
363.227,0.932779672
363.434,0.933306768
363.641,0.933831702
363.848,0.934354473
364.055,0.934875082
364.262,0.935393528
364.469,0.93590981
364.676,0.936423929
364.883,0.936935883
365.091,0.937448131
365.298,0.937955746
365.505,0.938461196
365.712,0.938964481
365.919,0.939465601
366.126,0.939964556
366.333,0.940461345
366.54,0.940955969
366.747,0.941448427
366.954,0.941938719
367.16,0.942424493
367.367,0.942910465
367.574,0.94339427
367.781,0.94387591
367.988,0.944355385
368.195,0.944832694
368.402,0.945307837
368.609,0.945780815
368.816,0.946251629
369.022,0.946718018
369.229,0.947184512
369.436,0.947648842
369.643,0.948111008
369.85,0.948571009
370.056,0.949026641
370.263,0.949482326
370.47,0.949935849
370.677,0.950387209
370.883,0.950834242
371.09,0.951281289
371.297,0.951726175
371.503,0.952166766
371.71,0.952607341
371.917,0.953045757
372.123,0.953479911
372.33,0.953914019
372.537,0.954345969
372.743,0.954773691
372.95,0.955201337
373.156,0.955624777
373.363,0.956048123
373.57,0.956469313
373.776,0.956886331
373.983,0.957303225
374.189,0.957715969
374.396,0.958128569
374.602,0.958537041
374.809,0.958945351
375.015,0.959349555
375.222,0.959753578
375.428,0.960153518
375.634,0.960551332
375.841,0.960948937
376.047,0.961342492
376.254,0.961735819
376.46,0.96212512
376.666,0.962512299
376.873,0.962899223
377.079,0.963282154
377.286,0.963664811
377.492,0.964043498
377.698,0.96442007
377.904,0.964794527
378.111,0.965168674
378.317,0.965538897
378.523,0.965907009
378.73,0.966274783
378.936,0.966638668
379.142,0.967000446
379.348,0.967360118
379.554,0.967717687
379.761,0.968074873
379.967,0.968428227
380.173,0.968779481
380.379,0.969128637
380.585,0.969475696
380.791,0.969820658
380.997,0.970163527
381.204,0.970505952
381.41,0.970844627
381.616,0.971181211
381.822,0.971515708
382.028,0.971848118
382.234,0.972178443
382.44,0.972506685
382.646,0.972832845
382.852,0.973156924
383.058,0.973478926
383.264,0.97379885
383.47,0.974116699
383.676,0.974432476
383.882,0.97474618
384.088,0.975057815
384.294,0.975367381
384.5,0.975674881
384.705,0.975978839
384.911,0.976282222
385.117,0.976583545
385.323,0.976882808
385.529,0.977180014
385.735,0.977475166
385.941,0.977768264
386.146,0.978057903
386.352,0.97834691
386.558,0.97863387
386.764,0.978918785
386.969,0.979200288
387.175,0.979481128
387.381,0.979759929
387.587,0.980036693
387.792,0.980310093
387.998,0.980582799
388.204,0.980853473
388.409,0.98112082
388.615,0.98138745
388.821,0.981652054
389.026,0.981913367
389.232,0.98217394
389.438,0.982432495
389.643,0.982687793
389.849,0.982942329
390.054,0.983193633
390.26,0.983444158
390.465,0.983691476
390.671,0.983938001
390.876,0.984181342
391.082,0.984423875
391.287,0.984663248
391.493,0.9849018
391.698,0.985137215
391.904,0.985371794
392.109,0.985603261
392.315,0.985833877
392.52,0.986061405
392.726,0.986288068
392.931,0.986511668
393.136,0.986733312
393.342,0.986954069
393.547,0.987171798
393.752,0.98738758
393.958,0.987602454
394.163,0.987814336
394.368,0.988024279
394.574,0.988233292
394.779,0.988439351
394.984,0.988643477
395.19,0.988846655
395.395,0.989046913
395.6,0.989245247
395.805,0.989441658
396.01,0.98963615
396.216,0.98982966
396.421,0.990020311
396.626,0.990209051
396.831,0.990395882
397.036,0.990580806
397.241,0.990763828
397.447,0.990945828
397.652,0.991125043
397.857,0.991302362
398.062,0.991477789
398.267,0.991651328
398.472,0.991822979
398.677,0.991992748
398.882,0.992160635
399.087,0.992326645
399.292,0.99249078
399.497,0.992653043
399.702,0.992813437
399.907,0.992971965
400.112,0.993128629
400.317,0.993283434
400.522,0.993436381
400.727,0.993587474
400.932,0.993736715
401.137,0.993884108
401.341,0.994028951
401.546,0.994172665
401.751,0.994314541
401.956,0.99445458
402.161,0.994592786
402.366,0.994729162
402.57,0.99486306
402.775,0.994995794
402.98,0.995126707
403.185,0.995255803
403.39,0.995383084
403.594,0.995507946
403.799,0.995631617
404.004,0.995753482
404.208,0.995872964
404.413,0.995991237
404.618,0.996107715
404.822,0.996221845
405.027,0.99633475
405.232,0.996445869
405.436,0.996554676
405.641,0.996662242
405.846,0.996768031
406.05,0.996871544
406.255,0.996973799
406.459,0.997073801
406.664,0.997172535
406.868,0.997269041
407.073,0.997364267
407.277,0.997457288
407.482,0.997549019
407.686,0.997638569
407.891,0.997726819
408.095,0.997812911
408.3,0.997897693
408.504,0.99798034
408.709,0.998061667
408.913,0.998140884
409.118,0.99821877
409.322,0.998294569
409.526,0.998368668
409.731,0.998441421
409.935,0.998512123
410.139,0.998581136
410.344,0.998648788
410.548,0.998714423
410.752,0.998778379
410.957,0.998840961
411.161,0.99890156
411.365,0.998960491
411.569,0.999017757
411.774,0.999073628
411.978,0.999127565
412.182,0.999179846
412.386,0.999230476
412.59,0.999279457
412.795,0.999327022
412.999,0.99937271
413.203,0.99941676
413.407,0.999459176
413.611,0.999499961
413.815,0.999539119
414.019,0.999576653
414.223,0.999612567
414.427,0.999646865
414.632,0.999679705
414.836,0.999710772
415.04,0.999740234
415.244,0.999768092
415.448,0.999794352
415.652,0.999819017
415.856,0.99984209
416.06,0.999863575
416.264,0.999883476
416.467,0.99990171
416.671,0.99991846
416.875,0.999933636
417.079,0.999947242
417.283,0.999959282
417.487,0.999969759
417.691,0.999978676
417.895,0.999986038
418.099,0.999991848
418.302,0.999996092
418.506,0.999998817
418.71,1
418.914,0.999999646
419.118,0.999997758
419.321,0.99999436
419.525,0.999989423
419.729,0.999982963
419.933,0.999974984
420.136,0.999965539
420.34,0.99995454
420.544,0.999942033
420.747,0.999928094
420.951,0.999912588
421.155,0.999895586
421.358,0.999877185
421.562,0.999857207
421.766,0.999835743
421.969,0.999812912
422.173,0.999788495
422.376,0.999762733
422.58,0.999735376
422.783,0.999706697
422.987,0.999676416
423.19,0.999644834
423.394,0.999611644
423.597,0.999577175
423.801,0.99954109
424.004,0.999503748
424.208,0.999464784
424.411,0.999424584
424.615,0.999382755
424.818,0.999339712
425.022,0.999295034
425.225,0.999249162
425.428,0.999201885
425.632,0.999152963
425.835,0.99910288
426.038,0.999051403
426.242,0.998998272
426.445,0.998944011
426.648,0.998888367
426.852,0.998831059
427.055,0.998772654
427.258,0.998712877
427.461,0.998651732
427.665,0.998588911
427.868,0.998525034
428.071,0.9984598
428.274,0.998393213
428.477,0.998325277
428.681,0.99825565
428.884,0.998185019
429.087,0.99811305
429.29,0.998039746
429.493,0.997965111
429.696,0.99788915
429.899,0.997811864
430.102,0.99773326
430.306,0.997652942
430.509,0.997571702
430.712,0.997489154
430.915,0.997405301
431.118,0.997320147
431.321,0.997233696
431.524,0.997145951
431.727,0.997056916
431.93,0.996966595
432.133,0.996874992
432.336,0.99678211
432.538,0.996688419
432.741,0.996592997
432.944,0.996496307
433.147,0.996398354
433.35,0.99629914
433.553,0.996198669
433.756,0.996096946
433.959,0.995993974
434.161,0.995890274
434.364,0.995784821
434.567,0.99567813
434.77,0.995570205
434.973,0.99546105
435.175,0.995351215
435.378,0.995239616
435.581,0.995126798
435.784,0.995012764
435.986,0.994898088
436.189,0.99478164
436.392,0.994663988
436.594,0.994545722
436.797,0.994425678
437,0.994304439
437.202,0.994182617
437.405,0.994059009
437.607,0.993934836
437.81,0.993808873
438.013,0.993681734
438.215,0.993554059
438.418,0.993424587
438.62,0.993294598
438.823,0.993162807
439.025,0.993030518
439.228,0.992896424
439.43,0.992761849
439.633,0.992625465
439.835,0.992488619
440.038,0.992349961
440.24,0.992210859
440.443,0.99206994
440.645,0.991928597
440.847,0.99178614
441.05,0.991641861
441.252,0.991497185
441.455,0.991350682
441.657,0.9912038
441.859,0.991055823
442.062,0.990906015
442.264,0.990755854
442.466,0.990604609
442.668,0.990452283
442.871,0.990298119
443.073,0.990143639
443.275,0.989988088
443.477,0.989831472
443.68,0.98967301
443.882,0.989514266
444.084,0.989354468
444.286,0.989193617
444.488,0.989031719
444.69,0.988868775
444.893,0.988703976
445.095,0.988538948
445.297,0.988372886
445.499,0.988205793
445.701,0.988037674
445.903,0.987868531
446.105,0.987698367
446.307,0.987527187
446.509,0.987354994
446.711,0.987181791
446.913,0.987007583
447.115,0.986832371
447.317,0.986656161
447.519,0.986478955
447.721,0.986300757
447.923,0.98612157
448.125,0.985941398
448.327,0.985760244
448.529,0.985578112
448.731,0.985395006
448.933,0.985210928
449.134,0.9850268
449.336,0.984840794
449.538,0.984653828
449.74,0.984465903
449.942,0.984277025
450.144,0.984087196
450.345,0.983897366
450.547,0.98370565
450.749,0.983512994
450.951,0.983319401
451.152,0.983125839
451.354,0.982930387
451.556,0.982734007
451.757,0.982537683
451.959,0.982339464
452.161,0.982140329
452.362,0.981941272
452.564,0.981740318
452.766,0.981538457
452.967,0.981336698
453.169,0.981133038
453.37,0.980929496
453.572,0.98072405
453.774,0.980517715
453.975,0.98031152
454.177,0.980103419
454.378,0.979895474
454.58,0.97968562
454.781,0.979475938
454.983,0.979264345
455.184,0.979052939
455.386,0.97883962
455.587,0.978626502
455.788,0.978412536
455.99,0.978196654
456.191,0.977980997
456.393,0.977763421
456.594,0.977546085
456.795,0.977327916
456.997,0.977107826
457.198,0.976887998
457.399,0.976667346
457.601,0.976444771
457.802,0.97622248
458.003,0.975999375
458.205,0.975774343
458.406,0.975549617
458.607,0.975324087
458.808,0.975097756
459.009,0.974870627
459.211,0.974641568
459.412,0.97441285
459.613,0.974183343
459.814,0.973953051
460.015,0.973721978
460.217,0.973488969
460.418,0.973256337
460.619,0.973022932
460.82,0.972788757
461.021,0.972553816
461.222,0.972318111
461.423,0.972081645
461.624,0.971844423
461.825,0.971606446
462.026,0.971367717
462.227,0.971128241
462.428,0.970888019
462.629,0.970647055
462.83,0.970405351
463.031,0.970162912
463.232,0.969919739
463.433,0.969675836
463.634,0.969431206
463.835,0.969185852
464.036,0.968939777
464.236,0.968694212
464.437,0.968446707
464.638,0.968198489
464.839,0.967949561
465.04,0.967699928
465.241,0.96744959
465.441,0.967199803
465.642,0.966948071
465.843,0.966695643
466.044,0.966442525
466.244,0.966189981
466.445,0.96593549
466.646,0.965680317
466.847,0.965424462
467.047,0.965169209
467.248,0.964912006
467.449,0.964654131
467.649,0.964396876
467.85,0.96413767
468.05,0.963879095
468.251,0.963618568
468.452,0.963357384
468.652,0.963096849
468.853,0.962834362
469.053,0.962572536
469.254,0.962308756
469.454,0.962045649
469.655,0.961780588
469.855,0.961516212
470.056,0.961249881
470.256,0.960984247
470.457,0.960716657
470.657,0.960449775
470.858,0.960180936
471.058,0.959912818
471.259,0.959642742
471.459,0.959373398
471.659,0.959103447
471.86,0.958831536
472.06,0.958560375
472.26,0.958288615
472.461,0.958014894
472.661,0.95774194
472.861,0.957468394
473.062,0.957192888
473.262,0.956918164
473.462,0.956642857
473.662,0.956366968
473.863,0.956089118
474.063,0.955812072
474.263,0.955534454
474.463,0.955256264
474.663,0.954977507
474.864,0.954696786
475.064,0.954416897
475.264,0.954136448
475.464,0.953855441
475.664,0.953573878
475.864,0.953291763
476.064,0.953009097
476.264,0.952725884
476.464,0.952442125
476.664,0.952157823
476.864,0.951872981
477.064,0.951587601
477.265,0.951300254
477.464,0.951015237
477.664,0.950728258
477.864,0.950440751
478.064,0.950152718
478.264,0.949864162
478.464,0.949575086
478.664,0.949285491
478.864,0.94899538
479.064,0.948704755
479.264,0.94841362
479.464,0.948121975
479.663,0.947831287
479.863,0.947538635
480.063,0.947245481
480.263,0.946951828
480.463,0.946657678
480.663,0.946363033
480.862,0.946069373
481.062,0.945773748
481.262,0.945477636
481.461,0.945182523
481.661,0.944885445
481.861,0.944587887
482.061,0.94428985
482.26,0.943992831
482.46,0.943693846
482.66,0.94339439
482.859,0.943095965
483.059,0.942795575
483.258,0.942496225
483.458,0.94219491
483.658,0.941893134
483.857,0.941592412
484.057,0.941289725
484.256,0.9409881
484.456,0.94068451
484.655,0.940381991
484.855,0.940077507
485.054,0.939774103
485.254,0.939468732
485.453,0.939164451
485.653,0.938858204
485.852,0.938553055
486.051,0.938247476
486.251,0.937939931
486.45,0.937633496
486.649,0.937326638
486.849,0.937017813
487.048,0.936710112
487.248,0.936400445
487.447,0.936091909
487.646,0.93578296
487.845,0.9354736
488.045,0.935162273
488.244,0.934852095
488.443,0.934541512
488.642,0.934230526
488.842,0.933917573
489.041,0.933605784
489.24,0.933293599
489.439,0.932981019
489.638,0.932668046
489.838,0.932353106
490.037,0.932039351
490.236,0.931725209
490.435,0.931410682
490.634,0.931095771
490.833,0.930780479
491.032,0.930464808
491.231,0.93014876
491.43,0.929832336
491.629,0.929515539
491.828,0.92919837
492.027,0.928880831
492.226,0.928562925
492.425,0.928244652
492.624,0.927926016
492.823,0.927607017
493.022,0.927287658
493.221,0.926967941
493.42,0.926647867
493.619,0.926327438
493.818,0.926006656
494.017,0.925685523
494.216,0.925364041
494.414,0.92504383
494.613,0.924721656
494.812,0.924399139
495.011,0.924076279
495.21,0.92375308
495.408,0.923431168
495.607,0.923107295
495.806,0.922783087
496.005,0.922458545
496.203,0.922135306
496.402,0.921810105
496.601,0.921484576
496.799,0.921160359
496.998,0.920834181
497.197,0.920507681
497.395,0.920182502
497.594,0.919855362
497.793,0.919527905
497.991,0.91920178
498.19,0.918873694
498.388,0.918546946
498.587,0.918218238
498.785,0.917890875
498.984,0.917561552
499.182,0.917233579
499.381,0.916903647
499.579,0.916575072
499.778,0.916244538
499.976,0.915915367
500.175,0.915584237
500.373,0.915254476
500.572,0.914922757
500.77,0.914592413
500.968,0.914261781
501.167,0.91392919
501.365,0.913597984
501.564,0.913264819
501.762,0.912933045
501.96,0.912600991
502.159,0.912266978
502.357,0.911934365
502.555,0.911601476
502.753,0.911268313
502.952,0.910933191
503.15,0.910599481
503.348,0.910265501
503.546,0.909931253
503.745,0.909595046
503.943,0.909260263
504.141,0.908925216
504.339,0.908589906
504.537,0.908254335
504.735,0.907918503
504.933,0.907582414
505.132,0.907244368
505.33,0.906907764
505.528,0.906570906
505.726,0.906233796
505.924,0.905896434
506.122,0.905558822
506.32,0.905220962
506.518,0.904882854
506.716,0.904544501
506.914,0.904205903
507.112,0.903867063
507.31,0.903527981
507.508,0.903188658
507.706,0.902849097
507.904,0.902509298
508.101,0.902170981
508.299,0.901830712
508.497,0.90149021
508.695,0.901149475
508.893,0.90080851
509.091,0.900467315
509.289,0.900125892
509.486,0.899785967
509.684,0.899444093
509.882,0.899101994
510.08,0.898759671
510.277,0.898418858
510.475,0.898076094
510.673,0.897733112
510.871,0.897389911
511.068,0.897048228
511.266,0.896704596
511.464,0.89636075
511.661,0.896018429
511.859,0.895674159
512.056,0.895331419
512.254,0.89498673
512.452,0.894641833
512.649,0.894298472
512.847,0.893953163
513.044,0.893609396
513.242,0.89326368
513.439,0.89291951
513.637,0.892573392
513.834,0.892228825
514.032,0.891882309
514.229,0.891537348
514.427,0.891190441
514.624,0.890845091
514.822,0.890497795
515.019,0.890152061
515.217,0.889804382
515.414,0.889458269
515.611,0.889111968
515.809,0.888763722
516.006,0.888417049
516.203,0.888070191
516.401,0.887721388
516.598,0.887374165
516.795,0.88702676
516.993,0.88667741
517.19,0.886329646
517.387,0.885981703
517.584,0.885633584
517.781,0.88528529
517.979,0.884935051
518.176,0.884586407
518.373,0.884237591
518.57,0.883888603
518.767,0.883539445
518.964,0.883190117
519.162,0.882838846
519.359,0.882489181
519.556,0.882139351
519.753,0.881789354
519.95,0.881439193
520.147,0.881088869
520.344,0.880738382
520.541,0.880387734
520.738,0.880036926
520.935,0.879685957
521.132,0.879334831
521.329,0.878983547
521.526,0.878632106
521.723,0.878280509
521.92,0.877928758
522.117,0.877576853
522.314,0.877224795
522.511,0.876872586
522.707,0.876522014
522.904,0.876169504
523.101,0.875816845
523.298,0.875464038
523.495,0.875111083
523.692,0.874757982
523.888,0.874406529
524.085,0.874053139
524.282,0.873699605
524.479,0.873345928
524.675,0.872993906
524.872,0.872639947
525.069,0.872285847
525.266,0.871931609
525.462,0.871579031
525.659,0.871224517
525.856,0.870869866
526.052,0.870516881
526.249,0.87016196
526.445,0.869808708
526.642,0.86945352
526.839,0.8690982
527.035,0.868744553
527.232,0.86838897
527.428,0.868035064
527.625,0.867679223
527.821,0.867325061
528.018,0.866968965
528.214,0.866614551
528.411,0.866258202
528.607,0.865903538
528.804,0.865546941
529,0.865192031
529.196,0.864836999
529.393,0.864480034
529.589,0.864124761
529.786,0.863767555
529.982,0.863412043
530.178,0.863056413
530.375,0.862698851
530.571,0.862342988
530.767,0.861987008
530.963,0.861630914
531.16,0.861272888
531.356,0.860916566
531.552,0.860560131
531.748,0.860203584
531.945,0.859845106
532.141,0.859488336
532.337,0.859131457
532.533,0.858774469
532.729,0.858417372
532.926,0.858058345
533.122,0.857701033
533.318,0.857343614
533.514,0.85698609
533.71,0.856628461
533.906,0.856270727
534.102,0.85591289
534.298,0.85555495
534.494,0.855196908
534.69,0.854838764
534.886,0.854480519
535.082,0.854122173
535.278,0.853763728
535.474,0.853405184
535.67,0.853046542
535.866,0.852687801
536.062,0.852328964
536.258,0.85197003
536.454,0.851611
536.65,0.851251875
536.846,0.850892655
537.041,0.850535175
537.237,0.850175769
537.433,0.849816269
537.629,0.849456678
537.825,0.849096994
538.02,0.848739056
538.216,0.848379192
538.412,0.848019238
538.608,0.847659195
538.803,0.847300901
538.999,0.846940682
539.195,0.846580375
539.39,0.846221821
539.586,0.845861341
539.782,0.845500776
539.977,0.845141966
540.173,0.844781232
540.369,0.844420413
540.564,0.844061353
540.76,0.843700368
540.955,0.843341144
541.151,0.842979995
541.347,0.842618766
541.542,0.842259299
541.738,0.841897909
541.933,0.841538283
542.129,0.841176734
542.324,0.840816952
542.519,0.840457093
542.715,0.840095311
542.91,0.839735298
543.106,0.839373362
543.301,0.839013198
543.497,0.838651111
543.692,0.838290798
543.887,0.83793041
544.083,0.837568101
544.278,0.837207567
544.473,0.83684696
544.669,0.836484433
544.864,0.836123683
545.059,0.835762862
545.254,0.835401971
545.45,0.835039159
545.645,0.834678128
545.84,0.834317029
546.035,0.833955861
546.23,0.833594624
546.426,0.833231468
546.621,0.832870096
546.816,0.832508658
547.011,0.832147154
547.206,0.831785584
547.401,0.831423949
547.596,0.831062249
547.791,0.830700484
547.986,0.830338656
548.181,0.829976764
548.376,0.829614808
548.572,0.829250934
548.767,0.828888853
548.961,0.828528568
549.156,0.828166364
549.351,0.8278041
549.546,0.827441775
549.741,0.827079389
549.936,0.826716944
550.131,0.826354439
550.326,0.825991876
550.521,0.825629254
550.716,0.825266574
550.911,0.824903836
551.105,0.824542901
551.3,0.824180049
551.495,0.82381714
551.69,0.823454175
551.885,0.823091155
552.079,0.82272994
552.274,0.82236681
552.469,0.822003624
552.664,0.821640384
552.858,0.821278954
553.053,0.820915607
553.248,0.820552206
553.442,0.820190617
553.637,0.819827112
553.832,0.819463555
554.026,0.819101811
554.221,0.818738151
554.415,0.818376305
554.61,0.818012543
554.804,0.817650597
554.999,0.817286736
555.194,0.816922824
555.388,0.816560731
555.583,0.816196721
555.777,0.815834531
555.972,0.815470425
556.166,0.815108139
556.36,0.814745806
556.555,0.814381558
556.749,0.814019131
556.944,0.81365479
557.138,0.813292271
557.332,0.812929707
557.527,0.812565228
557.721,0.812202573
557.915,0.811839874
558.11,0.811475261
558.304,0.811112473
558.498,0.810749642
558.693,0.810384897
558.887,0.81002198
559.081,0.809659019
559.275,0.809296016
559.47,0.8089311
559.664,0.808568013
559.858,0.808204885
560.052,0.807841715
560.246,0.807478504
560.44,0.807115253
560.635,0.806750089
560.829,0.806386757
561.023,0.806023385
561.217,0.805659973
561.411,0.805296523
561.605,0.804933033
561.799,0.804569505
561.993,0.804205938
562.187,0.803842333
562.381,0.803478691
562.575,0.80311501
562.769,0.802751292
562.963,0.802387537
563.157,0.802023746
563.351,0.801659917
563.545,0.801296053
563.739,0.800932152
563.933,0.800568216
564.126,0.80020612
564.32,0.799842113
564.514,0.799478071
564.708,0.799113993
564.902,0.798749882
565.096,0.798385736
565.289,0.798023433
565.483,0.79765922
565.677,0.797294972
565.871,0.796930692
566.064,0.796568256
566.258,0.796203909
566.452,0.79583953
566.645,0.795476997
566.839,0.795112554
567.033,0.794748078
567.226,0.79438545
567.42,0.794020911
567.614,0.793656341
567.807,0.79329362
568.001,0.792928988
568.194,0.792566205
568.388,0.792201513
568.581,0.79183867
568.775,0.791473917
568.969,0.791109135
569.162,0.790746204
569.355,0.790383243
569.549,0.790018373
569.742,0.789655355
569.936,0.789290427
570.129,0.788927352
570.323,0.788562368
570.516,0.788199237
570.709,0.787836079
570.903,0.787471011
571.096,0.787107797
571.289,0.786744557
571.483,0.786379408
571.676,0.786016113
571.869,0.785652793
572.063,0.785287563
572.256,0.78492419
572.449,0.784560791
572.642,0.784197367
572.836,0.783832033
573.029,0.783468558
573.222,0.783105057
573.415,0.782741531
573.608,0.78237798
573.802,0.782012521
573.995,0.781648921
574.188,0.781285297
574.381,0.780921648
574.574,0.780557976
574.767,0.78019428
574.96,0.77983056
575.153,0.779466817
575.346,0.77910305
575.539,0.778739261
575.732,0.778375448
575.925,0.778011613
576.118,0.777647755
576.311,0.777283875
576.504,0.776919972
576.697,0.776556047
576.89,0.7761921
577.083,0.775828132
577.276,0.775464142
577.469,0.77510013
577.661,0.774737983
577.854,0.774373929
578.047,0.774009853
578.24,0.773645757
578.433,0.77328164
578.626,0.772917503
578.818,0.772555232
579.011,0.772191053
579.204,0.771826855
579.397,0.771462637
579.589,0.771100286
579.782,0.770736028
579.975,0.77037175
580.167,0.770009341
580.36,0.769645025
580.553,0.769280689
580.745,0.768918223
580.938,0.768553849
581.13,0.768191345
581.323,0.767826935
581.516,0.767462506
581.708,0.767099947
581.901,0.766735481
582.093,0.766372886
582.286,0.766008384
582.478,0.765645754
582.671,0.765281216
582.863,0.764918551
583.056,0.764553979
583.248,0.764191278
583.44,0.763828561
583.633,0.763463937
583.825,0.763101186
584.018,0.762736529
584.21,0.762373744
584.402,0.762010943
584.595,0.761646236
584.787,0.761283402
584.979,0.760920552
585.172,0.760555797
585.364,0.760192915
585.556,0.759830017
585.748,0.759467104
585.941,0.759102285
586.133,0.758739341
586.325,0.758376381
586.517,0.758013406
586.709,0.757650417
586.901,0.757287412
587.094,0.756922501
587.286,0.756559467
587.478,0.756196417
587.67,0.755833353
587.862,0.755470275
588.054,0.755107182
588.246,0.754744075
588.438,0.754380954
588.63,0.754017819
588.822,0.75365467
589.014,0.753291506
589.206,0.75292833
589.398,0.752565139
589.59,0.752201935
589.782,0.751838717
589.974,0.751475486
590.166,0.751112242
590.358,0.750748984
590.55,0.750385714
590.741,0.750024322
590.933,0.749661026
591.125,0.749297717
591.317,0.748934395
591.509,0.74857106
591.701,0.748207713
591.892,0.747846245
592.084,0.747482873
592.276,0.747119489
592.468,0.746756092
592.659,0.746394576
592.851,0.746031156
593.043,0.745667723
593.234,0.745306172
593.426,0.744942715
593.618,0.744579247
593.809,0.744217661
594.001,0.74385417
594.193,0.743490667
594.384,0.743129047
594.576,0.742765522
594.767,0.742403879
594.959,0.742040331
595.15,0.741678666
595.342,0.741315097
595.533,0.74095341
595.725,0.740589819
595.916,0.740228111
596.108,0.739864498
596.299,0.739502769
596.491,0.739139135
596.682,0.738777385
596.873,0.738415624
597.065,0.73805196
597.256,0.737690179
597.447,0.737328388
597.639,0.736964693
597.83,0.736602882
598.021,0.736241061
598.213,0.735877336
598.404,0.735515496
598.595,0.735153646
598.786,0.734791786
598.978,0.734428022
599.169,0.734066143
599.36,0.733704255
599.551,0.733342358
599.742,0.732980451
599.934,0.73261664
600.125,0.732254715
600.316,0.731892781
600.507,0.731530838
600.698,0.731168886
600.889,0.730806925
601.08,0.730444955
601.271,0.730082976
601.462,0.729720989
601.653,0.729358993
601.844,0.728996988
602.035,0.728634975
602.226,0.728272953
602.417,0.727910923
602.608,0.727548885
602.799,0.727186838
602.99,0.726824783
603.181,0.72646272
603.372,0.726100648
603.563,0.725738569
603.754,0.725376482
603.944,0.725016282
604.135,0.724654179
604.326,0.724292067
604.517,0.723929948
604.708,0.723567822
604.898,0.723207583
605.089,0.722845441
605.28,0.722483291
605.471,0.722121134
605.661,0.721760866
605.852,0.721398693
606.043,0.721036514
606.233,0.720676223
606.424,0.720314029
606.615,0.719951827
606.805,0.719591515
606.996,0.719229299
607.186,0.718868973
607.377,0.718506743
607.568,0.718144506
607.758,0.717784159
607.949,0.717421908
608.139,0.717061547
608.33,0.716699282
608.52,0.716338908
608.711,0.71597663
608.901,0.715616242
609.092,0.715253951
609.282,0.714893549
609.472,0.714533142
609.663,0.714170831
609.853,0.713810411
610.044,0.713448087
610.234,0.713087653
610.424,0.712727214
610.615,0.712364871
610.805,0.712004419
610.995,0.711643961
611.185,0.711283497
611.376,0.710921129
611.566,0.710560653
611.756,0.71020017
611.946,0.709839682
612.137,0.70947729
612.327,0.70911679
612.517,0.708756284
612.707,0.708395772
612.897,0.708035254
613.087,0.707674731
613.277,0.707314202
613.468,0.706951769
613.658,0.706591229
613.848,0.706230683
614.038,0.705870131
614.228,0.705509574
614.418,0.705149011
614.608,0.704788443
614.798,0.70442787
614.988,0.704067291
615.178,0.703706707
615.368,0.703346117
615.558,0.702985522
615.748,0.702624922
615.937,0.702266215
616.127,0.701905605
616.317,0.701544989
616.507,0.701184368
616.697,0.700823743
616.887,0.700463112
617.077,0.700102476
617.266,0.699743733
617.456,0.699383088
617.646,0.699022437
617.836,0.698661781
618.025,0.698303019
618.215,0.697942354
618.405,0.697581684
618.595,0.697221009
618.784,0.696862228
618.974,0.696501544
619.164,0.696140855
619.353,0.69578206
619.543,0.695421361
619.732,0.695062557
619.922,0.69470185
620.112,0.694341138
620.301,0.69398232
620.491,0.693621599
620.68,0.693262773
620.87,0.692902043
621.059,0.692543208
621.249,0.692182469
621.438,0.691823625
621.628,0.691462878
621.817,0.691104025
622.006,0.690745168
622.196,0.690384409
622.385,0.690025543
622.575,0.689664775
622.764,0.689305901
622.953,0.688947024
623.143,0.688586243
623.332,0.688227357
623.521,0.687868467
623.711,0.687507675
623.9,0.687148777
624.089,0.686789875
624.278,0.686430969
624.468,0.686070161
624.657,0.685711247
624.846,0.68535233
625.035,0.684993409
625.224,0.684634484
625.413,0.684275555
625.603,0.683914723
625.792,0.683555787
625.981,0.683196847
626.17,0.682837903
626.359,0.682478955
626.548,0.682120004
626.737,0.68176105
626.926,0.681402091
627.115,0.681043129
627.304,0.680684164
627.493,0.680325195
627.682,0.679966222
627.871,0.679607246
628.06,0.679248266
628.249,0.678889283
628.438,0.678530297
628.627,0.678171307
628.816,0.677812314
629.004,0.677455216
629.193,0.677096216
629.382,0.676737213
629.571,0.676378206
629.76,0.676019196
629.949,0.675660182
630.137,0.675303065
630.326,0.674944045
630.515,0.674585022
630.704,0.674225996
630.892,0.673868866
631.081,0.673509833
631.27,0.673150797
631.458,0.672793658
631.647,0.672434616
631.836,0.672075571
632.024,0.671718422
632.213,0.671359371
632.401,0.671002216
632.59,0.670643159
632.779,0.670284098
632.967,0.669926934
633.156,0.669567868
633.344,0.669210698
633.533,0.668851626
633.721,0.66849445
633.91,0.668135372
634.098,0.667778191
634.286,0.667421007
634.475,0.66706192
634.663,0.66670473
634.852,0.666345637
635.04,0.665988442
635.228,0.665631244
635.417,0.665272143
635.605,0.664914939
635.793,0.664557732
635.982,0.664198623
636.17,0.663841411
636.358,0.663484197
636.547,0.663125079
636.735,0.662767859
636.923,0.662410637
637.111,0.662053411
637.299,0.661696183
637.488,0.661337053
637.676,0.66097982
637.864,0.660622584
638.052,0.660265346
638.24,0.659908105
638.428,0.659550861
638.616,0.659193616
638.804,0.658836367
638.992,0.658479116
639.18,0.658121863
639.369,0.657762707
639.557,0.657405448
639.745,0.657048188
639.933,0.656690925
640.12,0.656335559
640.308,0.655978291
640.496,0.655621021
640.684,0.655263748
640.872,0.654906473
641.06,0.654549195
641.248,0.654191915
641.436,0.653834633
641.624,0.653477349
641.811,0.653121962
641.999,0.652764673
642.187,0.652407382
642.375,0.652050088
642.563,0.651692792
642.75,0.651337395
642.938,0.650980094
643.126,0.650622792
643.314,0.650265487
643.501,0.64991008
643.689,0.649552771
643.877,0.64919546
644.064,0.648840047
644.252,0.648482731
644.439,0.648127314
644.627,0.647769994
644.815,0.647412672
645.002,0.647057248
645.19,0.646699922
645.377,0.646344494
645.565,0.645987163
645.752,0.645631732
645.94,0.645274397
646.127,0.644918961
646.315,0.644561622
646.502,0.644206182
646.69,0.643848839
646.877,0.643493395
647.064,0.643137949
647.252,0.642780601
647.439,0.642425151
647.627,0.642067798
647.814,0.641712344
648.001,0.641356888
648.189,0.64099953
648.376,0.64064407
648.563,0.640288609
648.75,0.639933145
648.938,0.639575779
649.125,0.639220312
649.312,0.638864843
649.499,0.638509372
649.686,0.638153899
649.874,0.637796524
650.061,0.637441047
650.248,0.637085569
650.435,0.636730089
650.622,0.636374607
650.809,0.636019123
650.996,0.635663638
651.183,0.63530815
651.37,0.634952661
651.557,0.634597171
651.744,0.634241678
651.931,0.633886184
652.118,0.633530688
652.305,0.63317519
652.492,0.63281969
652.679,0.632464189
652.866,0.632108686
653.053,0.631753182
653.24,0.631397675
653.427,0.631042167
653.614,0.630686658
653.801,0.630331146
653.987,0.629977535
654.174,0.62962202
654.361,0.629266504
654.548,0.628910986
654.735,0.628555466
654.921,0.628201846
655.108,0.627846324
655.295,0.627490799
655.481,0.627137174
655.668,0.626781647
655.855,0.626426118
656.041,0.626072488
656.228,0.625716956
656.415,0.625361422
656.601,0.625007788
656.788,0.624652251
656.975,0.624296713
657.161,0.623943074
657.348,0.623587533
657.534,0.623233891
657.721,0.622878346
657.907,0.622524702
658.094,0.622169154
658.28,0.621815507
658.467,0.621459956
658.653,0.621106306
658.84,0.620750752
659.026,0.620397099
659.212,0.620043444
659.399,0.619687886
659.585,0.619334228
659.771,0.618980569
659.958,0.618625007
660.144,0.618271345
660.33,0.617917681
660.517,0.617562115
660.703,0.617208448
660.889,0.616854781
661.075,0.616501112
661.262,0.61614554
661.448,0.615791868
661.634,0.615438195
661.82,0.61508452
662.006,0.614730844
662.193,0.614375266
662.379,0.614021587
662.565,0.613667907
662.751,0.613314226
662.937,0.612960544
663.123,0.61260686
663.309,0.612253175
663.495,0.611899488
663.681,0.6115458
663.867,0.611192111
664.053,0.610838421
664.239,0.610484729
664.425,0.610131036
664.611,0.609777342
664.797,0.609423647
664.983,0.60906995
665.169,0.608716252
665.355,0.608362553
665.541,0.608008852
665.726,0.607657052
665.912,0.60730335
666.098,0.606949645
666.284,0.60659594
666.47,0.606242233
666.655,0.605890427
666.841,0.605536718
667.027,0.605183008
667.213,0.604829297
667.398,0.604477486
667.584,0.604123772
667.77,0.603770057
667.955,0.603418243
668.141,0.603064526
668.327,0.602710807
668.512,0.602358989
668.698,0.602005269
668.884,0.601651547
669.069,0.601299725
669.255,0.600946001
669.44,0.600594178
669.626,0.600240451
669.811,0.599888625
669.997,0.599534897
670.182,0.599183069
670.368,0.598829338
670.553,0.598477508
670.739,0.598123775
670.924,0.597771942
671.109,0.597420109
671.295,0.597066372
671.48,0.596714537
671.665,0.5963627
671.851,0.59600896
672.036,0.595657121
672.221,0.595305281
672.407,0.594951539
672.592,0.594599697
672.777,0.594247854
672.962,0.593896009
673.148,0.593542262
673.333,0.593190416
673.518,0.592838569
673.703,0.592486721
673.888,0.592134872
674.074,0.591781119
674.259,0.591429268
674.444,0.591077416
674.629,0.590725563
674.814,0.590373708
674.999,0.590021853
675.184,0.589669997
675.369,0.589318139
675.554,0.588966281
675.739,0.588614422
675.924,0.588262562
676.109,0.587910701
676.294,0.587558839
676.479,0.587206975
676.664,0.586855111
676.849,0.586503246
677.034,0.58615138
677.219,0.585799514
677.404,0.585447646
677.588,0.585097679
677.773,0.584745809
677.958,0.584393939
678.143,0.584042067
678.328,0.583690195
678.512,0.583340223
678.697,0.582988349
678.882,0.582636474
679.067,0.582284597
679.251,0.581934622
679.436,0.581582744
679.621,0.581230866
679.805,0.580880888
679.99,0.580529007
680.175,0.580177126
680.359,0.579827145
680.544,0.579475262
680.729,0.579123378
680.913,0.578773395
681.098,0.578421509
681.282,0.578071524
681.467,0.577719637
681.651,0.57736965
681.836,0.577017761
682.02,0.576667773
682.205,0.576315882
682.389,0.575965892
682.573,0.575615901
682.758,0.575264008
682.942,0.574914015
683.127,0.57456212
683.311,0.574212126
683.495,0.573862131
683.68,0.573510234
683.864,0.573160237
684.048,0.57281024
684.233,0.57245834
684.417,0.572108341
684.601,0.571758341
684.785,0.571408341
684.97,0.571056438
685.154,0.570706436
685.338,0.570356433
685.522,0.570006429
685.706,0.569656425
685.89,0.56930642
686.075,0.568954512
686.259,0.568604505
686.443,0.568254497
686.627,0.567904489
686.811,0.56755448
686.995,0.56720447
687.179,0.56685446
687.363,0.566504449
687.547,0.566154437
687.731,0.565804424
687.915,0.56545441
688.099,0.565104396
688.283,0.564754381
688.467,0.564404365
688.651,0.564054349
688.835,0.563704332
689.018,0.563356216
689.202,0.563006197
689.386,0.562656178
689.57,0.562306158
689.754,0.561956137
689.938,0.561606115
690.121,0.561257995
690.305,0.560907972
690.489,0.560557949
690.673,0.560207924
690.856,0.559859801
691.04,0.559509776
691.224,0.559159749
691.407,0.558811624
691.591,0.558461596
691.775,0.558111568
691.958,0.557763441
692.142,0.557413411
692.325,0.557065283
692.509,0.556715251
692.693,0.556365219
692.876,0.556017089
693.06,0.555667056
693.243,0.555318924
693.427,0.554968889
693.61,0.554620757
693.794,0.554270721
693.977,0.553922586
694.16,0.553574451
694.344,0.553224413
694.527,0.552876277
694.711,0.552526238
694.894,0.5521781
695.077,0.551829962
695.261,0.551479921
695.444,0.551131782
695.627,0.550783642
695.811,0.550433599
695.994,0.550085457
696.177,0.549737315
696.36,0.549389173
696.543,0.54904103
696.727,0.548690984
696.91,0.548342839
697.093,0.547994694
697.276,0.547646549
697.459,0.547298402
697.642,0.546950256
697.826,0.546600206
698.009,0.546252058
698.192,0.545903909
698.375,0.54555576
698.558,0.54520761
698.741,0.544859459
698.924,0.544511308
699.107,0.544163157
699.29,0.543815005
699.473,0.543466852
699.656,0.543118699
699.839,0.542770545
700.022,0.54242239
700.205,0.542074235
700.387,0.541727982
700.57,0.541379826
700.753,0.541031669
700.936,0.540683512
701.119,0.540335354
701.302,0.539987195
701.484,0.539640939
701.667,0.539292779
701.85,0.538944619
702.033,0.538596458
702.215,0.538250199
702.398,0.537902038
702.581,0.537553875
702.763,0.537207615
702.946,0.536859451
703.129,0.536511287
703.311,0.536165025
703.494,0.53581686
703.677,0.535468695
703.859,0.535122431
704.042,0.534774264
704.224,0.534428
704.407,0.534079832
704.589,0.533733566
704.772,0.533385398
704.954,0.533039131
705.137,0.532690961
705.319,0.532344693
705.502,0.531996522
705.684,0.531650254
705.866,0.531303984
706.049,0.530955812
706.231,0.530609542
706.414,0.530261368
706.596,0.529915097
706.778,0.529568825
706.961,0.52922065
707.143,0.528874377
707.325,0.528528104
707.507,0.52818183
707.69,0.527833653
707.872,0.527487379
708.054,0.527141103
708.236,0.526794828
708.418,0.526448551
708.601,0.526100372
708.783,0.525754095
708.965,0.525407817
709.147,0.525061539
709.329,0.52471526
709.511,0.524368981
709.693,0.524022702
709.875,0.523676422
710.057,0.523330141
710.239,0.52298386
710.421,0.522637579
710.603,0.522291297
710.785,0.521945015
710.967,0.521598732
711.149,0.521252448
711.331,0.520906165
711.513,0.520559881
711.695,0.520213596
711.877,0.519867311
712.059,0.519521025
712.24,0.519176642
712.422,0.518830356
712.604,0.518484069
712.786,0.518137781
712.968,0.517791494
713.149,0.517447108
713.331,0.51710082
713.513,0.51675453
713.695,0.516408241
713.876,0.516063854
714.058,0.515717563
714.24,0.515371273
714.421,0.515026884
714.603,0.514680592
714.785,0.5143343
714.966,0.513989911
715.148,0.513643618
715.329,0.513299227
715.511,0.512952933
715.692,0.512608542
715.874,0.512262247
716.055,0.511917855
716.237,0.51157156
716.418,0.511227166
716.6,0.51088087
716.781,0.510536476
716.963,0.510190179
717.144,0.509845784
717.325,0.509501389
717.507,0.509155091
717.688,0.508810695
717.87,0.508464396
718.051,0.508119999
718.232,0.507775602
718.413,0.507431205
718.595,0.507084904
718.776,0.506740506
718.957,0.506396107
719.138,0.506051708
719.32,0.505705406
719.501,0.505361006
719.682,0.505016606
719.863,0.504672205
720.044,0.504327804
720.225,0.503983403
720.407,0.503637099
720.588,0.503292696
720.769,0.502948294
720.95,0.502603891
721.131,0.502259488
721.312,0.501915084
721.493,0.50157068
721.674,0.501226276
721.855,0.500881871
722.036,0.500537466
722.217,0.500193061
722.398,0.499848655
722.579,0.499504249
722.76,0.499159842
722.94,0.498817338
723.121,0.498472931
723.302,0.498128524
723.483,0.497784116
723.664,0.497439707
723.845,0.497095299
724.025,0.496752793
724.206,0.496408383
724.387,0.496063974
724.568,0.495719564
724.748,0.495377056
724.929,0.495032645
725.11,0.494688234
725.29,0.494345726
725.471,0.494001314
725.652,0.493656902
725.832,0.493314392
726.013,0.492969979
726.194,0.492625566
726.374,0.492283056
726.555,0.491938642
726.735,0.491596131
726.916,0.491251716
727.096,0.490909204
727.277,0.490564789
727.457,0.490222277
727.638,0.489877861
727.818,0.489535348
727.999,0.489190931
728.179,0.488848418
728.359,0.488505903
728.54,0.488161486
728.72,0.487818971
728.9,0.487476456
729.081,0.487132038
729.261,0.486789522
729.441,0.486447006
729.622,0.486102587
729.802,0.48576007
729.982,0.485417553
730.162,0.485075036
730.343,0.484730615
730.523,0.484388097
730.703,0.484045579
730.883,0.483703061
731.063,0.483360542
731.243,0.483018023
731.424,0.4826736
731.604,0.482331081
731.784,0.481988561
731.964,0.48164604
732.144,0.48130352
732.324,0.480960999
732.504,0.480618478
732.684,0.480275956
732.864,0.479933434
733.044,0.479590912
733.224,0.47924839
733.404,0.478905867
733.584,0.478563344
733.764,0.478220821
733.943,0.4778802
734.123,0.477537677
734.303,0.477195153
734.483,0.476852628
734.663,0.476510104
734.843,0.476167579
735.022,0.475826956
735.202,0.475484431
735.382,0.475141905
735.562,0.474799379
735.741,0.474458756
735.921,0.474116229
736.101,0.473773702
736.281,0.473431175
736.46,0.473090551
736.64,0.472748023
736.819,0.472407398
736.999,0.47206487
737.179,0.471722341
737.358,0.471381715
737.538,0.471039186
737.717,0.47069856
737.897,0.47035603
738.076,0.470015404
738.256,0.469672873
738.435,0.469332246
738.615,0.468989715
738.794,0.468649088
738.974,0.468306556
739.153,0.467965928
739.332,0.467625299
739.512,0.467282767
739.691,0.466942138
739.871,0.466599606
740.05,0.466258976
740.229,0.465918346
740.408,0.465577716
740.588,0.465235183
740.767,0.464894552
740.946,0.464553921
741.126,0.464211387
741.305,0.463870756
741.484,0.463530124
741.663,0.463189492
741.842,0.46284886
742.021,0.462508227
742.201,0.462165692
742.38,0.461825059
742.559,0.461484426
742.738,0.461143793
742.917,0.460803159
743.096,0.460462525
743.275,0.460121891
743.454,0.459781257
743.633,0.459440622
743.812,0.459099988
743.991,0.458759353
744.17,0.458418717
744.349,0.458078082
744.528,0.457737446
744.707,0.45739681
744.886,0.457056174
745.064,0.456717441
745.243,0.456376804
745.422,0.456036167
745.601,0.45569553
745.78,0.455354893
745.958,0.455016159
746.137,0.454675521
746.316,0.454334883
746.495,0.453994245
746.673,0.45365551
746.852,0.453314871
747.031,0.452974232
747.209,0.452635496
747.388,0.452294857
747.567,0.451954218
747.745,0.451615481
747.924,0.451274841
748.103,0.450934201
748.281,0.450595464
748.46,0.450254823
748.638,0.449916085
748.817,0.449575444
748.995,0.449236706
749.174,0.448896065
749.352,0.448557326
749.531,0.448216685
749.709,0.447877946
749.888,0.447537304
750.066,0.447198564
750.244,0.446859825
750.423,0.446519182
750.601,0.446180442
750.779,0.445841702
750.958,0.445501058
751.136,0.445162318
751.314,0.444823577
751.493,0.444482933
751.671,0.444144192
751.849,0.44380545
752.027,0.443466709
752.205,0.443127967
752.384,0.442787322
752.562,0.44244858
752.74,0.442109838
752.918,0.441771095
753.096,0.441432352
753.274,0.441093609
753.452,0.440754866
753.63,0.440416123
753.809,0.440075476
753.987,0.439736733
754.165,0.439397989
754.343,0.439059245
754.521,0.438720501
754.699,0.438381756
754.876,0.438044915
755.054,0.43770617
755.232,0.437367425
755.41,0.43702868
755.588,0.436689934
755.766,0.436351189
755.944,0.436012443
756.122,0.435673697
756.3,0.435334951
756.477,0.434998108
756.655,0.434659362
756.833,0.434320615
757.011,0.433981868
757.188,0.433645024
757.366,0.433306277
757.544,0.43296753
757.721,0.432630686
757.899,0.432291938
758.077,0.43195319
758.254,0.431616345
758.432,0.431277597
758.61,0.430938849
758.787,0.430602003
758.965,0.430263255
759.142,0.429926409
759.32,0.42958766
759.497,0.429250814
759.675,0.428912064
759.852,0.428575218
760.03,0.428236468
760.207,0.427899621
760.385,0.427560871
760.562,0.427224024
760.74,0.426885274
760.917,0.426548427
761.094,0.426211579
761.272,0.425872828
761.449,0.42553598
761.626,0.425199132
761.804,0.424860381
761.981,0.424523532
762.158,0.424186684
762.335,0.423849835
762.513,0.423511083
762.69,0.423174234
762.867,0.422837385
763.044,0.422500536
763.221,0.422163686
763.399,0.421824933
763.576,0.421488084
763.753,0.421151234
763.93,0.420814383
764.107,0.420477533
764.284,0.420140683
764.461,0.419803832
764.638,0.419466982
764.815,0.419130131
764.992,0.41879328
765.169,0.418456428
765.346,0.418119577
765.523,0.417782726
765.7,0.417445874
765.877,0.417109022
766.054,0.41677217
766.231,0.416435318
766.408,0.416098466
766.584,0.415763517
766.761,0.415426664
766.938,0.415089812
767.115,0.414752959
767.292,0.414416106
767.468,0.414081156
767.645,0.413744303
767.822,0.41340745
767.999,0.413070596
768.175,0.412735646
768.352,0.412398792
768.529,0.412061938
768.705,0.411726987
768.882,0.411390133
769.059,0.411053278
769.235,0.410718327
769.412,0.410381473
769.588,0.410046521
769.765,0.409709666
769.941,0.409374714
770.118,0.409037859
770.294,0.408702907
770.471,0.408366052
770.647,0.408031099
770.824,0.407694243
771,0.407359291
771.177,0.407022435
771.353,0.406687482
771.529,0.406352529
771.706,0.406015672
771.882,0.405680719
772.058,0.405345766
772.235,0.405008909
772.411,0.404673955
772.587,0.404339001
772.764,0.404002144
772.94,0.40366719
773.116,0.403332236
773.292,0.402997282
773.468,0.402662327
773.645,0.402325469
773.821,0.401990515
773.997,0.40165556
774.173,0.401320605
774.349,0.40098565
774.525,0.400650695
774.701,0.400315739
774.877,0.399980784
775.053,0.399645828
775.229,0.399310872
775.405,0.398975917
775.581,0.398640961
775.757,0.398306005
775.933,0.397971048
776.109,0.397636092
776.285,0.397301136
776.461,0.396966179
776.637,0.396631223
776.813,0.396296266
776.989,0.395961309
777.165,0.395626352
777.34,0.395293298
777.516,0.394958341
777.692,0.394623383
777.868,0.394288426
778.043,0.393955371
778.219,0.393620414
778.395,0.393285456
778.571,0.392950498
778.746,0.392617443
778.922,0.392282485
779.098,0.391947527
779.273,0.391614471
779.449,0.391279513
779.624,0.390946458
779.8,0.390611499
779.976,0.39027654
780.151,0.389943484
780.327,0.389608525
780.502,0.389275469
780.678,0.38894051
780.853,0.388607454
781.029,0.388272494
781.204,0.387939438
781.38,0.387604478
781.555,0.387271422
781.73,0.386938365
781.906,0.386603405
782.081,0.386270348
782.256,0.385937291
782.432,0.385602331
782.607,0.385269273
782.782,0.384936216
782.958,0.384601255
783.133,0.384268198
783.308,0.38393514
783.483,0.383602083
783.659,0.383267121
783.834,0.382934064
784.009,0.382601005
784.184,0.382267947
784.359,0.381934889
784.534,0.381601831
784.709,0.381268772
784.885,0.380933811
785.06,0.380600752
785.235,0.380267693
785.41,0.379934634
785.585,0.379601575
785.76,0.379268516
785.935,0.378935457
786.11,0.378602398
786.285,0.378269339
786.46,0.377936279
786.634,0.377605123
786.809,0.377272063
786.984,0.376939004
787.159,0.376605944
787.334,0.376272884
787.509,0.375939824
787.684,0.375606764
787.858,0.375275607
788.033,0.374942546
788.208,0.374609486
788.383,0.374276426
788.557,0.373945268
788.732,0.373612208
788.907,0.373279147
789.082,0.372946086
789.256,0.372614928
789.431,0.372281867
789.605,0.37195071
789.78,0.371617648
789.955,0.371284587
790.129,0.370953429
790.304,0.370620367
790.478,0.370289209
790.653,0.369956147
790.827,0.369624989
791.002,0.369291927
791.176,0.368960769
791.351,0.368627707
791.525,0.368296548
791.7,0.367963486
791.874,0.367632327
792.048,0.367301167
792.223,0.366968105
792.397,0.366636946
792.572,0.366303883
792.746,0.365972724
792.92,0.365641564
793.094,0.365310405
793.269,0.364977342
793.443,0.364646182
793.617,0.364315022
793.791,0.363983862
793.966,0.363650799
794.14,0.363319639
794.314,0.362988479
794.488,0.362657318
794.662,0.362326158
794.836,0.361994998
795.01,0.361663837
795.185,0.361330773
795.359,0.360999613
795.533,0.360668452
795.707,0.360337291
795.881,0.36000613
796.055,0.359674969
796.229,0.359343808
796.403,0.359012647
796.577,0.358681486
796.75,0.358352228
796.924,0.358021066
797.098,0.357689905
797.272,0.357358743
797.446,0.357027582
797.62,0.35669642
797.794,0.356365258
797.967,0.356036
798.141,0.355704838
798.315,0.355373676
798.489,0.355042514
798.663,0.354711352
798.836,0.354382093
799.01,0.354050931
799.184,0.353719768
799.357,0.353390509
799.531,0.353059347
799.705,0.352728184
799.878,0.352398925
800.052,0.352067762
800.225,0.351738502
800.399,0.35140734
800.572,0.35107808
800.746,0.350746917
800.92,0.350415754
801.093,0.350086494
801.266,0.349757234
801.44,0.349426071
801.613,0.349096811
801.787,0.348765647
801.96,0.348436387
802.134,0.348105223
802.307,0.347775963
802.48,0.347446703
802.654,0.347115539
802.827,0.346786278
803,0.346457018
803.174,0.346125854
803.347,0.345796593
803.52,0.345467332
803.693,0.345138071
803.867,0.344806907
804.04,0.344477646
804.213,0.344148385
804.386,0.343819124
804.559,0.343489862
804.732,0.343160601
804.906,0.342829436
805.079,0.342500175
805.252,0.342170914
805.425,0.341841652
805.598,0.34151239
805.771,0.341183129
805.944,0.340853867
806.117,0.340524605
806.29,0.340195343
806.463,0.339866081
806.636,0.339536819
806.809,0.339207557
806.982,0.338878295
807.154,0.338550936
807.327,0.338221674
807.5,0.337892412
807.673,0.337563149
807.846,0.337233887
808.019,0.336904624
808.191,0.336577265
808.364,0.336248002
808.537,0.33591874
808.71,0.335589477
808.882,0.335262117
809.055,0.334932855
809.228,0.334603592
809.4,0.334276232
809.573,0.333946969
809.746,0.333617706
809.918,0.333290346
810.091,0.332961083
810.263,0.332633723
810.436,0.332304459
810.609,0.331975196
810.781,0.331647836
810.954,0.331318572
811.126,0.330991212
811.299,0.330661948
811.471,0.330334588
811.643,0.330007228
811.816,0.329677964
811.988,0.329350603
812.161,0.329021339
812.333,0.328693979
812.505,0.328366618
812.678,0.328037354
812.85,0.327709993
813.022,0.327382632
813.195,0.327053368
813.367,0.326726007
813.539,0.326398646
813.711,0.326071285
813.884,0.32574202
814.056,0.325414659
814.228,0.325087298
814.4,0.324759936
814.572,0.324432575
814.744,0.324105214
814.917,0.323775949
815.089,0.323448587
815.261,0.323121226
815.433,0.322793864
815.605,0.322466502
815.777,0.322139141
815.949,0.321811779
816.121,0.321484417
816.293,0.321157055
816.465,0.320829693
816.637,0.320502331
816.809,0.320174969
816.98,0.31984951
817.152,0.319522148
817.324,0.319194786
817.496,0.318867424
817.668,0.318540061
817.84,0.318212699
818.011,0.31788724
818.183,0.317559877
818.355,0.317232515
818.527,0.316905152
818.698,0.316579693
818.87,0.31625233
819.042,0.315924968
819.214,0.315597605
819.385,0.315272145
819.557,0.314944782
819.728,0.314619323
819.9,0.31429196
820.072,0.313964597
820.243,0.313639137
820.415,0.313311774
820.586,0.312986314
820.758,0.312658951
820.929,0.312333491
821.101,0.312006128
821.272,0.311680668
821.444,0.311353305
821.615,0.311027844
821.787,0.310700481
821.958,0.310375021
822.129,0.310049561
822.301,0.309722197
822.472,0.309396737
822.643,0.309071276
822.815,0.308743913
822.986,0.308418452
823.157,0.308092992
823.328,0.307767531
823.5,0.307440167
823.671,0.307114706
823.842,0.306789246
824.013,0.306463785
824.184,0.306138324
824.356,0.30581096
824.527,0.305485499
824.698,0.305160038
824.869,0.304834577
825.04,0.304509117
825.211,0.304183655
825.382,0.303858194
825.553,0.303532733
825.724,0.303207272
825.895,0.302881811
826.066,0.30255635
826.237,0.302230888
826.408,0.301905427
826.579,0.301579966
826.75,0.301254504
826.921,0.300929043
827.092,0.300603581
827.262,0.300280023
827.433,0.299954562
827.604,0.2996291
827.775,0.299303638
827.946,0.298978177
828.116,0.298654618
828.287,0.298329157
828.458,0.298003695
828.629,0.297678233
828.799,0.297354674
828.97,0.297029212
829.141,0.29670375
829.311,0.296380192
829.482,0.29605473
829.652,0.295731171
829.823,0.295405709
829.994,0.295080247
830.164,0.294756688
830.335,0.294431226
830.505,0.294107667
830.676,0.293782204
830.846,0.293458645
831.017,0.293133183
831.187,0.292809624
831.357,0.292486065
831.528,0.292160602
831.698,0.291837043
831.869,0.29151158
832.039,0.291188021
832.209,0.290864462
832.38,0.290538999
832.55,0.29021544
832.72,0.28989188
832.89,0.289568321
833.061,0.289242858
833.231,0.288919298
833.401,0.288595739
833.571,0.288272179
833.742,0.287946716
833.912,0.287623157
834.082,0.287299597
834.252,0.286976037
834.422,0.286652477
834.592,0.286328917
834.762,0.286005358
834.932,0.285681798
835.102,0.285358238
835.272,0.285034678
835.442,0.284711118
835.612,0.284387558
835.782,0.284063998
835.952,0.283740438
836.122,0.283416877
836.292,0.283093317
836.462,0.282769757
836.632,0.282446197
836.802,0.282122637
836.972,0.281799076
837.141,0.281477419
837.311,0.281153859
837.481,0.280830299
837.651,0.280506738
837.821,0.280183178
837.99,0.279861521
838.16,0.27953796
838.33,0.279214399
838.499,0.278892742
838.669,0.278569182
838.839,0.278245621
839.008,0.277923964
839.178,0.277600403
839.348,0.277276842
839.517,0.276955185
839.687,0.276631624
839.856,0.276309966
840.026,0.275986405
840.195,0.275664748
840.365,0.275341187
840.534,0.275019529
840.704,0.274695968
840.873,0.274374311
841.042,0.274052653
841.212,0.273729092
841.381,0.273407434
841.551,0.273083873
841.72,0.272762215
841.889,0.272440557
842.059,0.272116996
842.228,0.271795338
842.397,0.27147368
842.566,0.271152022
842.736,0.270828461
842.905,0.270506803
843.074,0.270185145
843.243,0.269863486
843.412,0.269541828
843.582,0.269218267
843.751,0.268896609
843.92,0.26857495
844.089,0.268253292
844.258,0.267931634
844.427,0.267609975
844.596,0.267288317
844.765,0.266966659
844.934,0.266645
845.103,0.266323342
845.272,0.266001684
845.441,0.265680025
845.61,0.265358367
845.779,0.265036708
845.948,0.264715049
846.117,0.264393391
846.286,0.264071732
846.454,0.263751977
846.623,0.263430318
846.792,0.26310866
846.961,0.262787001
847.13,0.262465342
847.298,0.262145587
847.467,0.261823928
847.636,0.261502269
847.805,0.26118061
847.973,0.260860855
848.142,0.260539196
848.311,0.260217537
848.479,0.259897781
848.648,0.259576122
848.816,0.259256367
848.985,0.258934708
849.154,0.258613048
849.322,0.258293293
849.491,0.257971634
849.659,0.257651878
849.828,0.257330219
849.996,0.257010463